,Clean_Text,Class
831,tak terkirakan keterkejutan orang orang ketika melihat sosoknya yang sangat cantik,terkejut
991,mendengar perkataan putranya itu sunan ambu terkejut,terkejut
790,aku malu sekali itu sebabnya aku menangis itik itu menangis kembali seperti tadi,sedih
456,penonton bersorak riang dan tepuk tangan dari semua penonton,senang
508,mulanya aku ingin tertawa mendengar ucapannya,senang
378,ayo kita pergi ke kolam dan bersenang senang kata george,senang
163,bercerminlah dahulu dirimu hei kleting kuning jangan sampai ande ande lumut yang tampan itu menjadi muak ketika melihat wujudmu yang menyedihkan itu,jijik
47,sang gabus tidak melepaskan gigitannya malah dia dengan kuat menggigit leher sang kuntul hingga putus sambil berkata kau mencoba menipu kami kini rasakan akibatnya,marah
986,seekor induk pipit yang sedang memberi makan kepada anak anaknya terkejut,terkejut
61,la pun marah kepada anak laki iakinya dasar anak ikan ucapnya tanpa disadari,marah
618,purbasari keluar dari gubuk dengan gembira,senang
636,ibu bawah putih meninggal dunia karena sakit,sedih
672,dengan perasaan sangat sedih ia pun melanjutkan perjalanan,sedih
914,sang suami sangat keheranan mendapati keanehan itu,terkejut
659,raja badak pun sedih memikirkan nasib rakyatnya,sedih
611,orang makin senang mereka tertawa tawa,senang
402,ia pun tersenyum senang melihat rumahnya,senang
867,esoknya saat penduduk melihat keadaan maldonado mereka terkejut melihat maldonado masih sehat dan bugar walau semalaman terikat,terkejut
473,masyarakat kelekak remban bersuka cita setelah mengetahui telah tewasnya garude di tangan putri pinang gading,senang
609,putri endahwarni juga tampak senang melihat calon suaminya yang sangat gagah dan tampan,senang
997,pada suatu hari beliau duduk di gua hira dan tiba tiba beliau dikagetkan dengan kedatangan jibril yang berdiri di depan pintu gua,terkejut
662,suatu kali setelah tiga hari berburu dan persediaan makanannya menipis sergevan belum mendapatkan seekor rusa pun,sedih
167,ternyata bau itu adalah tumpukan daging hasil perburuan beberapa serigala,jijik
711,si murid pun meminta maaf atas kebodohannya,sedih
576,hou i sangat senang mendapatkan pil tersebut,senang
502,raja tersenyum senang dan mengangguk angguk,senang
34,sejak saat itu burung gagak dan burung hantu selalu bermusuhan,marah
375,kalau begitu namamu rumpelstilskin jawab ratu tersenyum,senang
427,panglima wire menepuk pundak caadara ayah benar benar bangga padamu kelak kau akan jadi panglima perang yang hebat,senang
865,matanya terbelalak ketika ia melihat kulomang telah menantinya si situ,terkejut
114,bulan diam ia sangat kesal,marah
525,jhi ge phu sangat gembira dia pun menghampiri putri naga yang tidak bisa berpura pura lagi,senang
988,betapa kaget hatinya setelah melihat isi bumbung itu,terkejut
480,seluruh warga menyambut kemenangan itu dengan sangat gembira,senang
738,saya telah kehilangan semua yang saya miliki uang ladang kuda anak anakku,sedih
836,ditebarnya biji itu sungguh ajaib hutan berubah menjadi ladang mentimun yang lebat buahnya,terkejut
1,bujang kelana akan menantang pendekar katung untuk menyabung ayam,marah
269,mereka percaya siapa pun juga yang nekat memasuki hutan itu akan berakhir dengan kematiannya karena dimangsa makhluk makhluk gaib yang menyeramkan itu,takut
311,tapi mereka menjadi sangat takut karena pada ulang tahun timun mas yang ke sang raksasa datang kembali,takut
648,sang domba itu menyesali perbuatannya dan domba kecil itupun berjanji tidak akan mengulanginya,sedih
295,istana putri bisu jika dilihat dari dekat ternyata sangat mengerikan karena dindingnya dibangun dari tulang belulang manusia,takut
737,oh celakalah anakku kata ayah akim dengan sedih,sedih
292,pasti pilt ketakutan ketika orang orang dewasa itu beramai ramai hendak menangkapnya,takut
970,mereka kaget ketika tiba tiba melihat suatu pemandangan aneh tapi nyata di suatu lorong,terkejut
195,akulah orang itu karena setelah menjahit mayat yang terpotong,jijik
565,sesampainya di rumahnya putri melati wangi disambut gembira oleh keluarganya yang mengira putri melati wangi sudah meninggal dunia,senang
405,raja pun senang karena sekarang ia menjadi lebih kaya,senang
57,aduhh anjing nakal kau makan semua singkong rebusku teriak si lebai kesal,marah
589,perasaannya gembira sekali karena belum pernah dia mendapat ikan sebesar itu,senang
433,akhirnya setelah menunggu bertahun tahun raja mendapat kabar bahagia bahwa permaisurinya telah hamil,senang
876,jika asapnya mengarah ke singapura tiba tiba terdapat tumpukan emas dan berlian,terkejut
632,ratu cik sima tak kuasa menahan sesal dan kesedihan atas kehilangan putri putrinya,sedih
455,raja babi sangat senang karena tidak ada yang sanggup melawannya,senang
344,sang putri sangat asyik dengan acara tersebut tak terasa hari sudah lewat tengah malam,senang
549,raja dan ratu sangat menyayanginya seperti anak kandung sendiri,senang
519,dahulu kala ada seorang wanita tua yang sangat sangat gembira dan selalu penuh dengan sukacita walaupun hampir tidak memiliki apa apa dan dia sudah tua miskin dan tinggal sendirian,senang
994,akan tetapi ia dan rombongan terkejut sebab disamping huma yang dibuka para prajurit telah ada pula huma lain yang lebih bagus,terkejut
912,tiba tiba muncul seekor ular yang sangat besar di tempat sang kakek semula berada,terkejut
99,akhirnya orang tua akim mengetahui kehadiran akim di pesta itu mereka marah dan menyuruh akim untuk segera pulang,marah
801,kabar kematiannya tiba tiba tersebar dan sangat memilukan hati orang orang yang mendengarnya sehingga kabar itu sampai ke istrinya,sedih
501,sejak saat itu nenek tidak pernah lagi mengeluarkan kata kata kasar dan selalu berlaku baik pada orang lain dan mereka berdua hidup bahagia selamanya,senang
423,jika begitu ayo kita sebarkan berita baik ini pada penduduk desa kata pak raje dengan bersemangat,senang
687,tapi o bia mokara menolak tangisnya semakin keras terus merengek meminta telur ikan,sedih
164,dengan tetap mengenakan pakaian kumal hingga tubuhnya berbau kleting kuning menuju desa dadapan,jijik
428,ia merasa bangga saat teman teman caadara menceritakan kehebatan anaknya,senang
267,tidak pernah ada penduduk desa penyak yang berani memasuki hutan,takut
546,pemuda itu kagum akan kejujuran kedua anak tersebut,senang
791,anak pipit sedih berada dalam kegelapan karena kera selalu mengatupkan mulutnya,sedih
829,pada saat itu tiba tiba datang ibu peri,terkejut
700,pada siang hari ketiga anaknya menunggu sang induk kembali kerumah namun yang di tunggu pun tidak datang,sedih
591,syukur anak pertamaku sudah lahir kata ayahnya dengan gembira,senang
38,raja pun sangat kesal karena tidak dapat berbuat apa apa,marah
698,gadis itu menangis memohon ampun kepada ibunya,sedih
822,ia langsung terkejut karena di dalamnya berisi intan permata dan berlian sangat banyak,terkejut
794,alangkah sedih hati anak itu melihat ayam kesayangannya mati,sedih
670,mendengar yang di katakan hewan hewan yang lain membuat sang ibu merasa sedih,sedih
818,tiba tiba seketika datuk buta muncul lagi di hadapan mereka,terkejut
80,sang ayah sangat marah mengetahui bahwa anaknya rohib tidak menyelesaikan belajarnya selama ini,marah
206,abrahah pun mendapatkan luka dan mereka keluar dari tempat itu dalam keadaan dagingnya terpisah satu persatu,jijik
145,pokoknya aku sebal melihat mukamu bentak putri,marah
139,karena si tumang tidak menurut sangkuriang marah dan membunuh si tumang,marah
118,raja dan ratu sedang naik pitam,marah
898,terjadilah sebuah peristiwa yang sangat mengagetkan joko kendil yang buruk rupa berubah menjadi seorang pangeran yang sangat tampan,terkejut
759,pandangannya begitu memilukan seolah olah hendak mengucapkan maaf dan selamat tinggal,sedih
392,ayah putri rosebud dan para pembesar istana tertawa melihat hidung pangeran andre,senang
357,timun mas tumbuh menjadi gadis yang baik budi dan cantik jelita mbok sirni amat menyayanginya sepenuh hati,senang
248,pertarungan tak terelakkan senjata kedua belah pihak saling beradu suasana sungguh mencekam,takut
442,penduduk desa bersukacita menghadiri acara itu,senang
217,mbok sirni ketakutan tubuhnya menggigil ia ingin berlari menghindari dari terkaman raksasa itu,takut
409,sejak saat itu keadaan di hutan kembali damai seperti dulu,senang
193,dalam perjalanan itu si lelaki tua hampir menginjak seekor tikus jantan besar,jijik
522,ia begitu terpesona melihat patung wanita cantik berpakaian indah tersebut,senang
350,ia sangat senang karena mendapatkan labu yang lebih besar dari bawang putih,senang
305,tolong tolong aku tersangkut ucap si gabus dengan rasa takut,takut
559,ia merasa bahagia berada di dekat seorang yang tampan dan gagah perkasa,senang
391,tuan pemilik androcles kagum mendengar cerita itu,senang
959,mendengar pertanyaan itu domia terkejut,terkejut
496,mereka membawa kain kain yang terindah manuella sangat gembira,senang
466,penduduk sangat gembira karena berhasil menemukan raja jambi yang sakti akhirnya kita mempunyai seorang raja yang sakti dan mampu memimpin negeri ini ujar salah satu penduduk girang,senang
371,suatu hari kabar yang sangat menyenangkan terdengar oleh sang raja istrinya kini sedang mengandung dan kemudian melahirkan,senang
593,dengan gembira dukun memasukkan isi salam itu ke dalam kantong bajunya,senang
788,putri endahwarni turun dari kereta dan langsung menangis memeluk anteh,sedih
558,datu awang sukma sangat mengagumi kecantikan putri bungsu,senang
872,sampailah mereka di sebuah rumah yang cukup besar dan mewah ketika mereka masuk sang kucing desa kaget dengan makanan di atas meja,terkejut
359,semakin hari mbok sirni semakin menyayangi timun mas,senang
11,ketika kucing itu bangun kucing itu sangat kesal telah dibangunkan dari tidurnya dia menggeram dan mencoba mengusir ayam,marah
539,anak lelaki itu berwajah cerah dan tersenyum lebar,senang
718,empat anaknya hanya bisa menatap kepulangan ibu mereka itu dengan tangis sedih,sedih
367,tidak terkirakan kebahagiaan raden inu kertapati setelah berhasil menemukan pujaan hatinya,senang
364,ketika rubah itu merasa aman dia berjalan dengan wajah terlihat gembira,senang
949,oh tiba tiba dia terlonjak kaget sebuah jeritan dan mahkluk yang sebesar tumpukan jerami dengan empat kaki yang panjang dan dua telinga yang panjang memiliki ekor panjang menendang nendang ke udara sambil memekik dan tertawa seperti anak yang nakal,terkejut
845,beberapa saat mengintip si nenek di kejutkan dengan pemandangan mengherankan yang terjadi didalam gubugnya,terkejut
828,setelah itu perlahan lahan tubuh malin kundang menjadi kaku hingga akhirnya menjadi batu,terkejut
254,timun mas ketakutan melihat kekuatan raksasa itu,takut
732,suzume hanya bisa menangis menahan sakit dan terbang jauh ke arah hutan,sedih
640,karena ia menjadi yatim piatu dan yang membuat ia sangat sedih,sedih
314,la tidak berani menolak karena takut akibatnya,takut
177,hingga suatu hari mananamakrdi diusir oleh saudara saudaranya karena bau kudisnya sudah tak tertahankan lagi,jijik
383,meskipun bajunya tidak terlihat namun raja sangat senang dan percaya diri,senang
42,tikus yang sedang makan kini kehilangan selara makannya segera dia mencakar kembali dan menggigit tikus pemarah itu mereka bergerumul berkelahi dengan sengitnya,marah
29,lebah jantan marah dan pergi tapi ia tidak berani melawan iebah pekerja dan hakim,marah
635,suri meninggal dunia hancur hati bujang kelana menyaksikan kekasih hatinya pergi selama lamanya,sedih
966,tumenggung terperanjat dan berteriak semua jadi kacau,terkejut
484,mendengar kabar tersebut raja dan permaisuri sangat bahagia,senang
461,serigala sangat senang mendapatkan mangsa yang lezat,senang
20,lama lama ibu katak kesal dan marah,marah
621,lutung kasarung sendiri terpesona,senang
716,si bidadari bungsu hanya bisa bersedih hati meratapi nasib malangnya,sedih
705,si gadis bungsu hanya bisa menangis sedih,sedih
68,namun kedua binatang terebut langsung bertengkar untuk memperebutkan rusa tersebut,marah
598,timun mas tumbuh menjadi gadis yang cantik kedua orang tuanya sangat bangga padanya,senang
186,ibunya berjalan di belakang membawa keranjang belanjaan berpakaian sangat dekil layaknya pembantu,jijik
67,serigala sangat marah karena ia ditipu oleh ayam,marah
128,mendengarnya puteri hijau menjadi marah ia segera mencari saudara saudaranya dan menghasut mereka,marah
258,semua binatang yang ada di sana hanya terdiam mereka sangat takut tidak ada satu orang pun yang berani menjawab,takut
524,jhi ge phu terpesona dengan pemandangan di depannya,senang
688,o bia moloku dan o bia mokara hanya dapat menangisi kepergian ibunya kedua anak itu menyesal telah membuat ibu mereka marah,sedih
50,apa yang kau lakukan setiap hari hanya menari kini setelah kau sadar akan kebutuhan hidupmu kau memintanya kepada kami enak sekali hidupmu itu kata sang semut sambil memasang wajah marah,marah
169,setelah sampai dirumah bawang merah dan ibunya segera mengusir bawang putih dari rumah,jijik
36,buaya kesal penyamarannya diketahui ya aku akan memakanmu kata buaya,marah
882,namun keajaiban terjadi dari balik api yang menjilat jilat muncullah seorang pria tampan berbadan mulus,terkejut
158,dengan kemarahan yang sangat hamzah mencari cari abu jahal lalu ia melihatnya sedang duduk duduk di tengah tengah kaumnya,marah
361,semangat bertarung ayam jago cindelaras sangat besar,senang
218,ba baiklah apa syaratnya tanya mbok sirni ragu ragu,takut
847,sampai suatu hari kabar bahwa putri seorang penggiling gandum dapat memintal jerami dan merubahnya menjadi emas terdengar sampai kerajaan,terkejut
260,serigala pun sangat terkejut ia pun melonjat dan langsung berlari ketakutan,takut
852,kelinci kaget mendengar jawaban itu,terkejut
105,putri bisu bangkit dari tempat duduknya dan dengan marah ia berteriak kalian semua bodoh orang sakti itulah yang paling berhak wanita itu berhutang nyawa padanya,marah
306,sang kera naik perahu dengan perasaan takut sekali,takut
358,mbok sirni bahagia bukan main tentu ia tidak akan pernah melepaskan timun mas kepada siapapun,senang
657,akhirnya juan dan raul saling peluk dan saling meminta maaf,sedih
880,kapal besar itu terombang ambing dan terbalik seluruh penumpang tewas seketika termasuk sang anak,terkejut
774,hatinya hancur lebur diusir oleh anak kandungnya sendiri,sedih
731,ibunya menangis tapi kemudian berkata tuhan akan menolongmu nak mati dan hidup manusia ada di tangan tuhan,sedih
505,putri termuda kemudian menceritakan semua kisahnya dan anak raja tersebut menjadi bertambah kagum akan kebaikan hati dan kesopanan tutur kata putri termuda,senang
385,rakyat hutan belantara sangat senang mendengar kabar tersebut kehidupan di dalam hutan belantara pun menjadi kembali tentram seperti semula,senang
987,entah berapa lama ia terbuai mimpi tiba tiba ia terbangun karena dikejutkan suara hiruk pikuk sayap sayap yang mengepak,terkejut
699,orangtua putri pukes sangat bersedih tetapi mereka harus melepas anaknya itu pergi,sedih
224,ratu pun sangat gelisah bagaimana caranya agar ia dapat mengetahui nama kurcaci tersebut,takut
214,malin kundang bersembunyi di ruang kecil yang tertutup tumpukan kayu,takut
126,tindakan drakula yang membantai tentara turki ottoman membuat sultan mehmed ii menyatakan perang kepada drakula,marah
262,raja yang sangat ketakutan segera berlari secepatnya keluar gua,takut
448,akhirnya mereka di karuniai seorang bayi laki laki bayi laki laki tersebut diberi nama samosir kehadiran samosir membuat mereka semakin bahagia,senang
768,sultan alam terpukul mendengar penderitaan rakyat dari kerajaan penyu beliau sangat sedih atas kejadian tersebut,sedih
924,amat terperanjat mereka mendapati keadaan desa penyak yang sepi tiada penghuni laksana desa penyak itu desa mati,terkejut
464,kuda akhirnya kembali ke rumah petani la hidup bahagia selamanya,senang
697,gadis durhaka itu hanya menangis dan menagis menyesali perbuatannya,sedih
7,dia sangat iri dengan permaisuri,marah
713,papuq mame dan papuq ki ne merasa sedih hidup sebagai tikus,sedih
170,namun mereka langsung mengusir itik abu abu agar segera pergi dari depan rumah tersebut,jijik
73,mendengar penolakan putri aji bedarah putih itu membuat raja cina menjadi amat murka,marah
301,cik awang gelisah karena tidak mungkin ada musang yang berjanggut,takut
445,ibu pulang hore teriak o bia moloku menyambut sang ibu sang ibu tersenyum kelelahan melihat tingkah anak anaknya,senang
499,dia sangat cantik dan diberi nama suzume kakek sangat menyayanginya,senang
491,mendengar permintaan tersebut pangeran suta sangat senang,senang
472,dengan hati senang pak inda lalu kembali ke rumahnya,senang
329,para putri dan wanita wanita bangsawan menjerit ketakutan,takut
336,aku merasakan ketakutan yang luar biasa,takut
725,keesokan harinya mereka mendatangi batu batangkup dan kembali menangis dan memohon agar emaknya di keluarkan kembali,sedih
270,warga desa penyak secara turun temurun memang tidak berani memasuki hutan angker itu,takut
663,buaya pun menyerah dan berjanji tidak akan mengincar monyet lagi,sedih
540,saya tida meminta apapun jawabnya saya senang bisa berbuat sesuatu untuk negara,senang
555,ah alangkah bahagianya kedua ikan ini mereka pastilah sepasang kekasih yang saling mencintai sebentar lagi akupun akan sebahagia mereka pikir putri sambil tersenyum kecil,senang
79,dengan kemarahannya yang sangat kerbau putih menyeruduk pohon tempat putri kesupuk berada,marah
19,mendengar jawaban sang ratu ia sangat marah dan kesal,marah
45,pemimpin desa marah besar pada maldonado yang lari tanpa sepengetahuan dirinya la menghukum maldonado sebagai pelajaran bagi yang lainnya agar tidak membantahnya,marah
120,huh hewan kecil itu membuatku terhina sungut obi kerbau tunggu saja balasanku geramnya,marah
612,dia senang mandi sepuas puasnya di tepian itu setelah selesai mencari makan dan kenyang perutnya,senang
753,tidak aku tidak mau tak seorang pun menyukaiku apa gunanya aku ada di sana sahut bulan sedih,sedih
17,akibat fitnah itu prabu kertamarta murka kepada candra kirana hingga mengusir anak bungsunya itu,marah
24,tapi dia merebut kueku kata juan membantah,marah
517,ketujuh gadis itu pulang dengan hati puas karena telah berhasil menjalankan rencananya,senang
622,ibunya sangat terluka mendengar ucapan putrinya,sedih
263,bulunya berwarna kuning keemasan dan kedua matanya terlihat menyala menyeramkan karena seramnya sang istri pun berlari menjauh,takut
553,bulan merasa senang lalu katanya kepada bintang bintang lihat teman teman mereka mengagumiku,senang
735,saya menangis karena bola emas saya tergelincir dan jatuh kedalam sumur,sedih
157,meskipun demikian ketika beliau keluar pada suatu hari menemui sahabat sahabatnya dan mendapati mereka mengutamakan para nabi dan mendahulukannya atas mereka maka beliau justru menampakkan kemarahan dan wajahnya berubah,marah
581,tentu saja si buta sangat gembira mendengar hal itu,senang
938,istri alibaba sangat terkejut melihat barang yang dibawa alibaba,terkejut
804,ia menangis karena tidak menemukan makanan yang dapat dimakannya,sedih
46,nelayan marah melihat tigran melepas ikan kecil itu kau bodoh sekali kau kubayar untuk menangkap ikan bukan untuk melepaskan ikan kau kupecat bentak sang nelayan,marah
610,benarkah oh paman akhirnya aku menemukan keluarga ibuku kata anteh dengan gembira,senang
919,sangat mengherankan batang bambu itu bisa di darat setelah dilemparkannya ke laut tadi,terkejut
474,kedua anak itu benar benar gembira mendapati diri mereka berada di ketinggian yang membuat keduanya dapat memandang daerah daerah yang luas,senang
384,dengan rasa bangga raja terus melambaikan tangan,senang
271,para perompak yang lain merasa takut,takut
37,sang bapak lama lama kesal oleh sikap menantu menantunya itu,marah
82,mengetahui hal itu kucing dan anjing menjadi kesal mereka pun marah besar sejak itulah anjing dan kucing memusuhi tikus,marah
429,bahkan penduduk desa mengadakan pesta untuk merayakan kemenangan caadara,senang
536,semua yang melihat wanita itu menjadi kagum dan terpana oleh kecantikannya,senang
840,raden putra sangat terkejut mendengar kokok ayam cindelaras yang aneh,terkejut
246,seekor ular yang melintas di dekatnya membuat mah bongsu sangat ketakutan,takut
785,hanya keenam putrinya tidak habis habisnya menyesali diri mereka,sedih
43,istrinya marah sekali atas kebodohan suaminya,marah
216,ia didatangi raksasa yang amat besar dan berwajah menyeramkan,takut
815,meskipun demikian beliau merasakan kesedihan yang mendalam melihat sikap kaumnya,sedih
877,dalam waktu singkat mah bongsu menjadi gadis kaya raya penduduk sekitar merasa heran dengan kekayaaan mah bongsu,terkejut
830,sangat mengejutkan ketika ande ande lumut mengetahui kedatangan kleting kuning ia bergegas menyambutnya,terkejut
580,si bungkuk merasa bahagia bersahabat dengan si buta,senang
397,sejak saat itu tukang kayu tidak pernah hidup kekurangan lagi,senang
261,mereka langsung memeluk sang ibu karena ketakutan,takut
693,namun matanya menitikkan air mata tanda bahwa ia amat menyesal,sedih
252,sang kucing mendekati sang kelalawar kini bukan seekor tikus yang berada di mulut sang kucing tetapi seekor burung dengan bulu bulunya yang keluar melihat hal itu sang kelalawar sangat takut,takut
196,dari setiap kata yang kamu ucapkan dari mulutmu akan keluar seekor ular atau seekor katak,jijik
238,saat ia hendak bangun singa itu telah berada di depannya androcles menutup wajahnya ketakutan,takut
802,aminah tampak menangis tersedu sedu,sedih
585,betapa senangnya hati emak si lancang saat mendengar kabar anaknya datang,senang
492,pangeran suta dan putri hidup sangat bahagia rakyat pun kembali aman damai dan makmur,senang
165,kepiting raksasa itu sebenarnya tidak mau menyeberangkan kleting kuning karena tubuh kleting kuning yang bau itu,jijik
444,o bia mokara tertawa gembira hatinya senang karena perutnya telah kenyang ia pun kembali bermain bersama kakaknya,senang
866,esoknya petani kaget menemukan kendi di perapian la membuka kendi itu dan isinya adalah uang perak yang banyak,terkejut
943,betapa terkejutnya mereka ternyata kotak itu penuh berisi uang emas perak dan perhiasan perhiasan yang sangat indah,terkejut
859,kaisar dan semua orang kagum oleh kecerdasan putra mahkota,terkejut
467,raja amat senang mendengar rencana ibunya,senang
708,ia bahkan menangis karena sudah sangat lapar,sedih
249,towjatuwa nyaris pingsan karena ketakutan aduh jika aku mati dimakan buaya ini bagaimana nasib istriku pikirnya dengan kalut,takut
922,yang mengherankan para perampok dan penjarah itu langsung menghilang setelah melakukan aksi jahat mereka,terkejut
793,sedih hatinya karena nyamuk yang amat disayanginya hilang,sedih
255,baiklah aku bersedia sahut mbok sarni menjawab walau hatinya takut melihat sosok raksasa yang besar dan seram,takut
740,jhi ge phu sangat sedih namun apa mau dikata semua sudah suratan takdir,sedih
978,tiba tiba dia membuat kaget dua pengikutnya itu dengan memegang kerah baju mereka,terkejut
973,pada saat lelaki itu tiba di dapur dia terkejut sekali karena ikan besar itu sudah tidak ada lagi,terkejut
644,cinderella lari ke kebun dan menangis,sedih
52,ia pun sangat iri melihat kecantikkan angsa angsa tersebut,marah
425,dan si penyumpit berhasil memimpin desa itu dengan arif dan bijaksana sehingga masyarakat hidup dalam kedamaian dan kebahagiaan,senang
313,mereka bingung dan takut barangkali datang serangan kedua,takut
112,pedagang yang merasa marah kemudian membawa keledainya tersebut kembali ke pasar,marah
534,pak kosim mendapat sekantung uang emas ia pulang ke rumahnya dengan amat gembira,senang
569,sudah barang tentu semua orang menyambut dengan gembira berita besar itu,senang
56,melihat tingkah laku si naga yang selalu menghambur hamburkan harta kerajaan maka si buaya pun marah,marah
54,malin kundang yang kesal dan marah segera mengajak istrinya naik ke kapal,marah
968,setibanya di rumah ia terkejut dan menjerit karena melihat suaminya telah berubah menjadi seekor naga,terkejut
317,anteh yang ketakutan berusaha melarikan diri,takut
27,dewa indra pun marah kau harus melepaskan dulu rohmu dari badanmu sebelum pergi ke surga kata dewa indra,marah
724,mbok minah merasa sangat sedih karena kejadian sebelumnya terulang kembali,sedih
797,ditambahkan bahwa guruminda tampak bermuram durja,sedih
414,di sebuah lautan yang dingin dan penuh dengan ikan ikan hiduplah sekelompok paus orca mereka hidup dengan damai tanpa ancaman dari apapun,senang
653,ratu memohon dan menangis agar kurcaci tersebut tidak membawa putrinya,sedih
747,kita harus menguburkannya dengan layak kata kapten dengan penuh duka,sedih
479,i manyambungi yang selalu tersenyum sambil menatap puang mosso dengan mata berkaca kaca,senang
422,kedatangan dempu awang sampai ke telinga ibunya ibu dempu sangat gembira,senang
493,waktu terus berjalan kehidupan keluarga jafar sidik terlihat rukun dan damai,senang
878,mang bongsu tercengang seketika ular tersebut berubah wujud menjadi seorang pemuda yang gagah dan tampan,terkejut
310,syarat yang aneh itu membuat si limbat ketakutan,takut
757,tinggal para dayang yang masih menangis keras mengerumuni seekor ular besar yang bergelung di atas batu besar,sedih
530,di sanalah mereka hidup bahagia selamanya,senang
500,kakek senang sekali bisa menemukan suzume,senang
733,teman temanku bilang wajahku terlalu tampan dan tidak cocok menjadi monster ia lalu menangis tersedu sedu,sedih
599,ayah dan ibu timun mas senang sekali melihat timun mas selamat,senang
619,dalam kegembiraannya purbasari tidak putus putusnya mengucapkan syukur kepada kahyangan yang telah mengasihinya,senang
273,aku akan melakukan itu lain kali bu jawab jack ketakutan,takut
754,putri menangis meratapi nasibnya yang malang,sedih
739,putri bisu yang juga mendengarkan cerita bulbul sangat kecewa karena mereka melupakan peran jadgji,sedih
965,ketika bumbung dibuka putri bungsu terkejut dan berteriak gembira ini selendangku seru putri bungsu,terkejut
386,akhirnya saudagar menikahkan anaknya dengan anak perempuan pandai besi sejak saat itu mereka hidup lebih bahagia,senang
515,gadis itu kemudian pulang ke rumahnya dengan kantongan yang penuh dengan uang akhirnya menikah dengan orang yang sangat kaya dan hidup bahagia setelahnya,senang
86,raja hasan sebenarnya sangat marah karena raja bayang dan pasukannya sudah membuat kekacauan,marah
215,yuyu kangkang menjerit jerit meminta tolong,takut
702,singa dan beruang sangat sedih,sedih
920,pak inda sangat terkejut karena letusan keras itu berasal dari rumahnya,terkejut
625,mereka berpegangan tangan dengan sedih karena sebentar lagi akan berpisah dengan adik bungsu mereka,sedih
374,ratu pun sangat senang mengetahui nama si kurcaci,senang
266,di desa penyak itu juga terdapat hutan yang terkenal angker,takut
33,burung hantu marah dan mengejar burung gagak,marah
446,dengan penuh kasih disusuinya anak bungsunya itu sambil menyusui ia bersenandung,senang
478,la pun kembali menjalankan tugasnya sebagai raja dengan perasaan tenang dan bahagia karena tidak ada lagi yang akan menggantikannya,senang
330,mereka tunggang langgang melarikan diri dan tidak berani muncul kembali,takut
820,tiba tiba suri berlari ke arah mereka tubuhnya penuh luka,terkejut
890,ayahnya yang kelelahan dan kelaparan sangat terkejut melihat rantang yang hanya berisi sisa sisa makanan,terkejut
277,ia takut anak yang dikandungnya itu seorang bayi laki laki lalu akan dibunuh lagi oleh suaminya,takut
257,tiga anjing kampung itu iari ketakutan saat melihat rombongan serigala,takut
918,sangatlah terkejut pak lnda saat mendapati batang bambu itu adalah batang bambu yang telah dua kali membuatnya tersandung,terkejut
888,towjatuwa tertegun kau bisa bicara apakah kau sejenis buaya sakti tanyanya,terkejut
751,tetapi kemudian ia kecewa sepanjang hari ia di sana tak seorang pun menyapanya,sedih
81,karena sangat marah dan kecewa raja memerintahkan pengawalnya untuk memberikan hukuman mati kepada anaknya sendiri,marah
234,la menceritakan tantangan singa mendengar itu semua binatang ketakutan dan tidak ada yang berani membantu burung unta,takut
507,upacara pernikahan safia dan pangeran selama hari malan akhirnya safia dan suaminya hidup bahagia selamanya,senang
87,raja bayang pun sangat marah dengan penolakkan raja hasan wajahnya pun berubah menjadi merah terbakar,marah
547,seluruh penduduk desa menyambut gembira,senang
627,dengan perasaan sedih kakak sulung dan kakak tengah meninggalkan si bungsu,sedih
989,ia amat terkejut melihat nyamuknya sedang dipatuk dan ditelan seekor ayam jantan,terkejut
574,sang kera sudah berada di atas pohon sawo dengan wajah berseri,senang
76,ibu mereka yang jengkel langsung menghardik mintalah makanan pada ayah kalian itu,marah
251,penduduk yang menyelenggarakan pesta rakyat berlari dengan panik sambil menjerit ketakutan,takut
94,ibunya memarahinya karena menganggap putri termuda tersebut terlalu lama kembali dari mengambil air,marah
419,dia mencium aroma yang sangat enak dan lezat hingga semangat makannya kini meningkat,senang
30,bangsa singa dan bangsa burung hendak mengeroyok bangsa kelelawar,marah
407,mereka hidup berdampingan dengan rukun dan damai,senang
543,di halaman istana bunga bunga mulai bermekaran dan burung burung berkicau riang pangeran terkesima melihat hal itu,senang
485,raja dan permaisuri sangat memanjakan rohib mereka membesarkan rohib dengan penuh kasih sayang,senang
763,namum bibinya sangat kasar kepadanya gadis amat sedih,sedih
533,hati pak kosim berbunga bunga karena ia sudah berhasil menyeselaikan tugas dari raja,senang
843,dalam waktu sekejap candra kirana yang cantik rupawan berubah wujud menjadi keong mas,terkejut
284,tikus jantan yang ketakutan terpaksa menuruti ajakan tulap si raksasa,takut
365,kuperhatikan dari tadi kau mengejeku aku mendengarnya dengan sangat baik rupanya kau sangat senang berada di atap sana,senang
487,rohib sangat senang dan berterima kasih kepada tikus dan mengira bahwa tikuslah yang paling berjasa dalam mencari mentiko bertuah,senang
5,ketika saudara tiri cinderella melihat pita dan manik manik lama mereka pada gaun cinderella mereka menjadi marah,marah
674,hancurlah hati kedua orangtua sang anak dengan berucuran air mata mereka meninggalkan kapal sang anak ibunya tak kuasa menahan sedih dan sekaligus amarahnya,sedih
809,muhammad bin abdillah kini menjadi sendiri dan ia dalam keadaan menangis,sedih
929,ketika si kucing dan anjing menghadap rohib mereka terkejut karena benda itu sudah ada pada rohib,terkejut
424,pesta pemikahan antara si penyumpit dan putri pak raje dilaksanakan dengan meriah,senang
985,pemilik rumah akan kaget keesokan harinya karena seluruh harta yang telah mereka kumpulkan dengan susah payah lenyap begitu saja dibawa kabur perampok perampok itu,terkejut
869,di perjalanan muncul sesosok monster yang menunggangi sapi,terkejut
495,ayahnya tertawa sambil memeluk manuella dengan penuh kasih sayang,senang
233,raja gajah pun berpikir jika bulunya sangat besar dan tajam seperti ini bagaimana dengan badannya hatinya seketika menjadi gelisah,takut
656,mereka merasa bersalah karena telah berkelahi hanya karena sebuah kue,sedih
835,alangkah terkejutnya dia buah timun itu berisi seorang bayi perempuan cantik dan bersih,terkejut
360,akhirnya mereka hidup damai dan bahagia selamanya,senang
566,setelah menikah putri melati wangi dan pangeran tanduk rusa hidup berbahagia sampai hari tuanya,senang
232,raja badak sangat gelisah,takut
390,akhirnya perang berakhir dan semua binatang berdamai,senang
307,sesekali perahu itu diterjang ombak wajah sang kera menjadi pucat,takut
62,asal kau tahu ibumu adalah jelmaan seekor ikan kata ayahnya dengan sangat marah,marah
921,keduanya sangat terperanjat ketika mendapati batu kuyung di kebun mereka telah meninggi melebihi tingginya pepohonan,terkejut
550,raja sangat takjub mendengarkan cerita ketangkasan ikot rinding ia sangat bahagia karena putra kesayangannya selamat,senang
849,putri penggiling gandum tersebut sangat terkejut,terkejut
786,dia kecewa karena ternyata bukan gadis impiannya yang akan dinikahinya,sedih
136,jangan bicara sembarangan jampang mayangsari mulai marah,marah
253,mimpi yang aneh itu membuatnya sangat gelisah,takut
134,oleh karena itu maka si ayah jadi sangat marah ketika melihat nasi yang diberikan kepadanya adalah sisa sisa,marah
180,kakak kakaknya yang sangat jahat memanggilnya cinderella yang artinya gadis yang sangat kotor menurut mereka itu adalah panggilan yang cocok untuk cinderella,jijik
393,sejak saat itu pangeran andre dan putri rosebud hidup bahagia selamanya,senang
23,juan menindih adiknya dan memukulinya,marah
516,maka akim pun dengan senang hati pergi dengan mereka,senang
353,tak terkirakan gembira dan bahagia hatinya ketika ia melihat sebuah kapal yang besar serta mewah tengah bersandar dipelabuhan,senang
146,baginda menjadi murka mendengar penjelasan tabib istana ia segera memerintahkan patih untuk membuang permaisuri ke hutan dan membunuhnya,marah
506,hari itu menjadi hari yang penuh kegembiraan dan safia pergi berterima kasih kepada wanita bijaksana yang tinggal di rongga pohon,senang
148,jatuhnya jayakarta ke tangan kompeni belanda pada tahun membuat banyak ulama marah,marah
781,jampang sedih lalu dia bertanya di mana si abdih,sedih
406,raja sangat bahagia dan segera memeluk putrinya dengan sangat erat,senang
387,burung unta sangat menyayangi anaknya,senang
308,seluruh anggota pasukan belanda gemetar ketakutan,takut
335,di tengah hari saudaranya berlari lari dalam keadaan takut dan menangis sambil berteriak bahwa muhammad telah terbunuh,takut
396,raja jatuh cinta pada gajah putih itu dan ingin membelinya,senang
972,betapa terkejutnya si rusa ia tidak jadi beristirahat melainkan lari tunggang langgang,terkejut
858,paginya saat androcles bangun ia kaget melihat singa membawa bangkai rusa hasil buruannya,terkejut
53,wanita wanita itu marah mereka berubah menjadi babi hutan dan menyerang pak raje,marah
338,tubuhnya yang mulia bergetar denga keras dan beliau merasakan ketakutan dan kegelisahan,takut
703,mereka pun sangat menyesali pertengkaran mereka tersebut,sedih
44,tetangga petani menjadi marah istri petani sengaja mau mencelakaiku dengan ular ini pikirnya,marah
633,ia juga menjelaskan bahwa ayahnya meninggal dunia karena mempertaruhkan nyawanya dalam pertaruhan sabung ayam,sedih
458,mendengar nyanyian tersebut ketiga anaknya sangat senang dan segera membukkan pintu,senang
837,dalam hitungan detik seketika terbentuklah lautan lumpur yang mendidih raksasa terjebak di dalamnya ia tenggelam dalam lumpur panas itu dan akhirnya mati,terkejut
952,raja sangat terkejut dengan permintaan tersebut karena kedua benda itu adalah pusaka kerajaan yang orang luar tidak mengetahuinya,terkejut
578,baiklah kuberi nama ia kemuning kata raja dengan senang,senang
676,kapal yang di naiki malin semakin jauh ibunya terus melambaikan tangan sambil menangis,sedih
346,suatu masa pamuncak rencong talang sangat gembira karena hasil panen rakyatnya melimpah,senang
868,saat tigran memegang ikan itu di tangannya tiba tiba ikan itu bicara,terkejut
577,sebaliknya ia selalu riang dan dan tersenyum ramah kepada siapapun,senang
600,mereka menyambutnya terima kasih tuhan kau telah menyelamatkan anakku kata mereka gembira,senang
623,semakin terluka hati ibunya mendengarnya,sedih
715,keempat raja yang sangat sombong tersebut pulang ke negerinya dengan menanggung rasa malu karena kekalahan,sedih
800,purbararang menangis dan minta maaf kepada purbasari,sedih
49,para orca dengarkan aku para hiu putih saat ini sedang melanggar janjinya kini kita akan memberikan pelajaran yang begitu berarti untuk mereka,marah
850,putri penggiling gandum tersebut semakin terkejut melihat jerami benar benar berubah menjadi emas,terkejut
475,paga hidup berbahagia bersama si biru dan puluhan bekas perompak yang kesemuanya telah dianggapnya sebagai sahabat,senang
349,nenek itu memberikan hadiah kepada bawang putih karena sudah membantunya bekerja membersihkan rumah,senang
641,bawang pusih sangat sedih dan ia berjalan menyusuri aliran sungai,sedih
856,raja sangat terkejut melihat bulu landak tersebut raja mengira bulu tersebut adalah benar benar bulu dari raja badak,terkejut
450,siapapun di antara kalian yang akan menikah dengan pangeran itu akan membuat ibu sangat bahagia keluarga kita akan menjadi terpandang ujar ibu tirinya menengahi kedua anaknya,senang
588,sambil tersenyum gembira mata pancingnya dia lepas dari mulut ikan itu,senang
236,kelelawar ian ketakutan sejak saat itulah kelelawar tidak berani berkeliaran pada slang hari,takut
521,raja gembira mendengar putrinya berbicara,senang
268,menurut mereka hutan itu dihuni oleh hantu jin setan dan dedemit yang sangat menyeramkan,takut
348,nenek sangat senang kepadanya,senang
100,ayah akim yang masih mendendam kepada ketujuh gadis itu merencanakan untuk membalas dendam,marah
955,padishah menjadi terkejut tetapi karena tujuan padishah sendiri bukanlah istana itu melainkan untuk memisahkan anak nelayan dengan wanita yang diidam idamkannya,terkejut
132,rumah rumah kosong belanda marah dan melampiaskan kemarahan mereka dengan menghancurkan kampung itu,marah
103,sementara sang putri sangat kesal karena telah dua kali keceplosan,marah
597,suami istri itu sangat bahagia mereka memberi nama bayi itu timun mas,senang
35,si merah kecil iri melihat babi yang mendapat makanan yang lezat lezat,marah
696,seharusnya aku tidak terpengaruh kata kata tetanggaku kata gembala menyesali diri,sedih
259,ia bersembunyi di dalam lemari,takut
119,kecuali obi kerbau yang merasa iri pada ucil kancil,marah
643,tak terkirakan kepedihan hati mande rubayah mendapati perlakuan keji anak kandungnya,sedih
545,semua menyambut gembira ajakan si pemuda,senang
679,bunda menangis tersedu sedu sambil bersimpuh di bawah kapal malin anakku jangan kau tinggalkan bundamu lagi nak bunda sangat merindukanmu,sedih
661,suatu hari sepulang dari mencari makanan burung unta mendapati dua anaknya hilang entah ke mana la menangis mencari cari anaknya,sedih
13,rubah itu melihatnya dengan sangat gusar karena banyangannya terlihat menggigit daging yang lebih besar dari dirinya hingga dia ingin sekali merebut daging itu,marah
787,putri endahwarni merasa cemburu kecewa dan sakit hati,sedih
477,akhirnya jack dan istrinya hidup bahagia selamanya,senang
440,toba sangat gembira karena ternyata ada ikan besar yang tersangkut ikan itu mempunyai sisik sangat indah berwarna keemasan,senang
769,kemudian bocah tersebut mulai meniup serulingnya sultan dan orang orang di istana yang mendengar alunan seruling tersebut seketika mengalirkan air mata merasakan kesedihan yang mendalam dari alunan seruling tersebut,sedih
454,hasil panennya selalu berlimpah ruah mereka tidak pernah hidup kekurangan,senang
394,manusia kerdil senang sekali mereka berdua makan dengan lahap,senang
304,tapi perasaan takut masih menyelimuti mereka,takut
39,raja pun sedikit marah dan akhirnya ia memutuskan untuk tidur dan menahan rasa laparnya,marah
300,mereka semakin ketakutan ketika melihat badan putri secara perlahan mulai ditumbuhi sisik seperti ular,takut
564,dengan gembira obi kerbau pulang ke rumahnya,senang
883,sang nenek terkejut bertemu dengan orang yang baru dilihatnya selama ini,terkejut
744,ketika si pelit menyadari kehilangan hartanya dia menjadi sangat sedih dan putus asa,sedih
630,adik bungsu kembali menangis tersedu sedu,sedih
197,dari mulutnya keluarlah dua ekor ular berbisa dan dua ekor katak,jijik
320,setelah itu keadaan sepi kembali membuat bulu kuduk meremang,takut
377,semua binatang di situ kesal sekaligus geli melihat tingkah ulat bulu,senang
400,akhirnya ada binatang betina yang masuk perangkap kata setan sambil tertawa,senang
671,melihat anjing yang berlari menjauhinya ia merasa semakin sedih karena anjing pun takut melihatnya,sedih
761,justru puteri rauna yang tersentak lalu menangis memohon kepada ayah bundanya,sedih
891,sesampainya ia di rumah alangkah terkejutnya toba melihat makanan sudah tersedia di atas meja,terkejut
894,ia sangat terkejut di sebelahnya ada seorang ibu peri sambil tersenyum ramah,terkejut
399,gadis itu tertawa aku tahu hadiah apa saja yang kalian harus bawa,senang
198,monster berkepala babi yang berbulu hijau,jijik
916,para prajurit cina terperanjat mendapati serangan hewan hewan aneh itu,terkejut
660,walaupun ia hidup bergelimang harta tapi ia sangat kecewa pada anaknya yang pemalas dan bodoh,sedih
447,ia sangat gembira dan langsung memasukkan ikan tersebut ke dalam keranjang ikan ia pun segera bergegas pulang kerumah dan membayangkan memakan ikan yang lezat,senang
401,ia pun sangat senang melihat rumahnya sudah siap di huni,senang
2,pendekar katung yang tidak terima dengan kekalahannya memerintahkan pengawalnya untuk mengejar bujang kelana,marah
226,serigala pun ketakutan seperti kelinci,takut
147,aku akan memberikan hukuman yang setimpal pada selirku lanjut baginda dengan murka,marah
726,setibanya dirumah istri kasim menangis sejadi jadinya,sedih
96,putri raja tersebut menjadi sangat marah mengangkat kodok tersebut keatas dan melemparkannya ke dinding sambil menangis diamlah kamu kodok jelek,marah
281,tindakan mereka dan pasukkannya yang bertindak semena mena membuat rakyat sangat ketakutan,takut
388,di sebuah negeri es ada seorang anak muda yang penuh semangat bernama sergevan,senang
315,iya paman saya baru datang kata anteh ketakutan,takut
607,dia tepesona mendengar suara yang begitu merdu,senang
933,betapa terperanjatnya ia ketika berhasil mengambil kain yang tak lain selendangnya itu,terkejut
10,salah satu tupai itu marah dia berbicara kepada tupai yang ada didepannya hei apa yang kau lakukan disini ini adalah sarang ku,marah
646,ia cemas dan sedih jika teringat janjinya pada raksasa itu,sedih
469,tak terkirakan gembiranya suami istri itu mendapati keajaiban yang mereka alami,senang
436,aku akan menamainya narrowa apakah kau setuju istriku tanya towjatuwa sambil menoleh pada istrinya dengan tersenyum istrinya mengangguk setuju,senang
172,pergi aku tidak suka makanan kampung orangtuaku adalah seorang saudagar kaya bukan gembel seperti kalian seru sang anak sambil membuang makanan pemberian ibunya,jijik
337,sebagaimana nabi musa lari ketakutan maka muhammad bin abdillah pun segera menuju ke rumahnya dalam keadaan ketakutan,takut
230,ibu katak mendengar suara yang membuatnya ketakutan,takut
345,dengan kehebatan mereka dan juga bantuan dari para siluman hutan mereka berhasil memenangkan pertempuran,senang
124,namun kapal itu tetap tak bergerak raja menjadi kecewa dan marah,marah
503,saat dia pulang ibunya yang melihat kedatangannya dengan gembira menyambutnya dan bertanya,senang
980,raja dan permaisuri terkejut melihat kejadian itu,terkejut
813,ketika beliau menyaksikan orang orang tersesat maka kesedihannya semakin bertambah dan hatinya semakin tersentuh dan pikirannya semakin dalam,sedih
352,gembiralah hati malin kundang ketika mendapati ada kapal dagang yang tengah berlabuh di pantai aia manih dan bertambah tambah kebahagiaannya saat nakhoda kapal memperbolehkannya untuk turut menumpang dalam kapal itu,senang
624,sang raja merasa gundah karena negeri tetangga sangat kuat,sedih
833,kegemparan pun kian menjadi jadi saat ande ande lumut juga membuka jati dirinya,terkejut
12,rubah itu gusar karena mangsanya telah mematuk dirinya dan pergi,marah
908,namun ia sangat terkejut dan terbengong bengong melihat sang ayam sudah tidak ada di hadapannya,terkejut
734,putri raja tersebut mulai menangis dan terus menangis seolah olah tidak ada hyang bisa menghiburnya lagi,sedih
303,datuk bendahara takut setengah mati dia minta disembunyikan,takut
844,namun alangkah terkejutnya si nenek ketika sampai di rumah dia melihat bebagai hidangan tersaji di meja makannya,terkejut
557,berbagai jenis burung dan serangga hidup dengan riangnya,senang
151,dengan kejengkelan luar biasa kera memasukkan anak pipit itu ke dalam mulutnya,marah
202,seekor babi hutan betina bernama wayungyang yang tengah bertapa ingin menjadi manusia meminum air seni tadi,jijik
362,sebagian penonton yang menjagokan ayam jago cindelaras bersorak sorai gembira,senang
297,dengan ketakutan mereka segera menyerahkan sebuah cermin,takut
175,sambil memandang sinis ke bawah ia meludahi ibunya,jijik
808,mula mula pikirannya terfokus pada keadaan yatim sambil ia mulai memperhatikan linangan air mata ibunya yang diam,sedih
97,kecantikannya membuat iri gadis gadis lain yang mengenalnya,marah
188,ketika raja cina makan ia langsung menyesap dengan mulutnya dan tidak menggunakan tangannya,jijik
89,namun batu batangkup sangat marah kalian anak anak yang tidak tahu di untung kalian hanya anak nakal yang bisanya cuma main dan main sekarang penyesalan kalian tidak aka nada gunanya kata batu batangkup dengan nada tinggi,marah
710,suami istri itu akhirnya hanya bisa berlutut dan sangat menyesal karena tidak memenuhi permintaan makan anak mereka sebelumnya,sedih
90,dengan penuh kejengkelan berteriaklah manuella sambil memandang pohon itu,marah
113,istriku sangat marah dia tidak ingin tinggal di rumah kami yang lama karena rumah itu sudah hampir roboh,marah
950,apa yang kau pikirkan wahai pangeran shahzada terkejut karena tidak ada orang lain di kamarnya,terkejut
342,utbah berdiri dalam keadaan takut dan segera menuju kaum quraisy,takut
572,mereka akan terus berusaha dan bersemangat,senang
231,melihat surat tersebut raja badak sangat gelisah,takut
91,nenek sangat marah mendengar pengakuan si burung pipit,marah
142,kekesalannya akhirnya memuncak ketika si limbat melaporkan pada majikannya bahwa daging persediaan mereka di rumah sudah hilang dicuri orang,marah
111,saya tidak akan membeli sesuatu dengan emas itu saya bahkan tidak pernah berpikir untuk berbelanja sesuatu dengan emas itu teriaknya lagi dengan marah,marah
101,tapi putri dengan marah berkata bahwa ia telah ditipu dan ia hanya mau mengaku kalah jika shahzada bisa membuatnya berbicara sebanyak tiga kali,marah
551,sepasang kekasih itu tak hentinya mengucap syukur pada jubata dan keduanya hidup bahagia sampai masa tua mereka,senang
977,betapa terkejutnya mereka di dalam buah itu mereka menemukan bayi perempuan yang sangat cantik,terkejut
404,kini semua benda yang ia sentuh akan berubah menjadi emas raja sangat senang,senang
586,oh akhirnya pulang juga si lancang seru emaknya dengan gembira,senang
904,sementara itu nyai jaya dan mangku amat saat kembali ke rumahnya mereka kaget saat melihat tempat tinggal mereka sudah dihancurkan orang,terkejut
909,singa dan beruang sangat terkejut melihat kedatangan serigala yang sangat tiba tiba,terkejut
382,mendengar kabar tersebut raja tersenyum sangat lebar ia pun sangat senang mendengar baju yang terbuat dari emas asli pasti sangat indah pikirnya,senang
773,ia ia tampaknya sedih sekali akan ditinggal oleh anak satu satunya,sedih
806,di tengah tengah malam aku merasakan keputus asaan,sedih
481,si raksasa begitu gembira mendapat persembahan putri sesuai janji kera hitam,senang
760,datu awang sukma menap sedih dan bersumpah untuk melarang anak keturunannya memelihara ayam hitam yang dia anggap membawa malapetaka,sedih
680,baginda raja menyesali perbuatannya dulu,sedih
366,ular itu senang ketika melihat dua ekor tupai sedang berkelahi,senang
570,sang istri dengan gembira larut dalam keramaian di situ,senang
325,kera takut anak pipit itu terbang,takut
975,si limbat menjadi sangat terkejut tidak pernah diduga majikannya akan tega menuduh dirinya sebagai pencuri,terkejut
807,beliau hidup beberapa hari bersama ibunya di mana si ibu merasakan kesedihan yang dalam atas kepergian ayahnya,sedih
998,isterinya dikagetkan dengan kepucatan wajah beliau yang mulia dan kegemetaran tubuhnya,terkejut
584,mendengar jawaban dari emaknya si lancang meloncat loncat kegirangan,senang
102,karena geram putri pun menghancurkan tiang lampu di kamarnya,marah
666,la sedih sekali mengetahui burung kecil telah dimakan neneknya,sedih
954,raja amat heran ketika melihat mista si penjaga kuda sedang menyuapi si hitam,terkejut
324,aku takut aku malu dimaki kera itu lagi,takut
667,sambil menangis elonen pergi dari rumah,sedih
568,penduduk kota bersorak gembira raja tak kurang pula gembira hatinya,senang
63,kenapa kau membawa makanan sisa untuk ayahmu yang seharian ini bekerja tanya toba marah,marah
971,mereka amat terkejut ketika menengok ke dalam ayunan yang berada di tengah tengah lorong,terkejut
562,istana yang dipenuhi kelembutan hati dan kebahagiaan,senang
203,darah pun tak henti hentinya mengalir dari iidahnya,jijik
573,tetapi mereka tetap bahagia dengan apa yang di berikan oleh tuhan yang maha esa,senang
871,mendengar berita tersebut para ikan sangat terkejut mereka percaya dengan kebohongan sang kuntul,terkejut
370,melihat hal tersebut raja sangat senang,senang
459,mendengar nyanyian tersebut ketiga anaknya sangat senang dan langsung membuka pintu secepat kilat,senang
655,ulat bulu pun keluar dari sarang kelinci sambil tersipu malu,sedih
408,rusa rusa yang lain ikut untuk memberi semangat,senang
135,amarahnya makin bertambah ketika anaknya mengaku bahwa dia yang memakan sebagian besar dari nasinya itu,marah
223,ketika kucing itu dipukul kucing itu langsung terbangun dan lari terbirit birit karena takut dipukul lagi oleh pemilik ayam itu,takut
884,ketika mereka sudah tinggal di pondok itu tiba tiba tersiar kabar bahwa bendahara mengambil alih kedudukan baginda raja betapa terkejutnya permaisuri mendengar berita tersebut,terkejut
182,pengeran tidak akan melihatmu meskipun kau datang kesana,jijik
690,raden budog sangat kecewa karena tidak dapat berjumpa dengan gadis impiannya,sedih
189,namun sangat menjijikkan dalam pandangan putri aji bedarah putih,jijik
438,akhirnya putri serindu menemukan tambatan hatinya baginda raja jungur dan permaisurinya sangat gembira,senang
905,namun mereka sangat terkejut karena yang datang bukan sang induk melainkan serigala,terkejut
940,disana ia sangat terkejut karena mendapati tubuh kakaknya sudah terpotong,terkejut
996,ketika aku memperhatikan domba domba yang sedang bermain aku dikagetkan dengan kedatangan dua orang yang memakai pakaian yang putih,terkejut
825,sangat mengejutkan sekaligus membanggakannya anak tercintanya pulang menaiki kapal milinya sendiri,terkejut
92,ini adalah kesempatan si nenek untuk melampiaskan kemarahannya maka keluarlah cacian dari mulut nenek,marah
431,caadara dengan senang hati memenuhi permintaan penduduk desa itu malam itu mereka berpesta namun tetap waspada,senang
449,sang anjing tersenyum bahagia karena dia telah menemukan makanan,senang
435,benarkah tanga towjatuwa dengan girang wajahnya terlihat berseri seri,senang
681,karena cemas melihat kondisi istrinya yang kesakitan itu towjatuwa menggendong istrinya ke rumah tetangga yang biasa membantu orang melahirkan,sedih
32,penyihir marah mendengar lelucon raja dan mengutuknya raja suatu saat kau akan punya anak yang berhidung besar,marah
245,melihat sang anjin itik abu pun ketakutan karena ia takut di makan olehnya,takut
490,namun kedatangan pangeran suta membuat mereka kembali bersemangat,senang
66,dasar kau binatang kecil yang bodoh sepertinya aku sangat lapar dan aku lihat dagingmu sangat lezat kata raja babi dengan marah,marah
532,jawaban tersebut membuat sang raja sangat senang tidak terhingga dan memberikan lagi nelayan terseut sejumlah besar uang,senang
286,alibaba segera bersembunyi karena takut jika ia terlihat ia akan dibunuh,takut
707,putri aji bedarah putih kesulitan menemukan cara untuk mengalahkan para prajurit cina itu ia hampir putus asa,sedih
665,tigran pun pulang dengan sedih,sedih
287,ketika ia hendak keluar kasim lupa mantra untuk membuka pintu ia berteriak apa saja dan mulai ketakutan,takut
862,raja sangat terkejut dan menahan pelukan putrinya tersebut,terkejut
692,ratu menangis ia menyesali perkataan putrinya yang diucapkan secara sembrono,sedih
684,nenek itu kembali ke tempat tidur la sangat sedih karena anak dan menantunya tidak ingat kepadanya,sedih
26,arena mereka sudah mendengar raja gajah sangat besar memiliki taring dan belalai yang sangat besar mendengar cerita tersebut rakyat sangat ketakutan,marah
133,karena sudah terlalu lama tak ada yang memakan umpan pancingnya dia jadi kesal dan memutuskan untuk berhenti saja memancing,marah
846,si kakek lalu meraih tongkatnya dan memukul tepat di kepala burung gagak seketika itu burung gagak berubah menjadi asap dan menghilang,terkejut
321,para perampok bukan saja membawa golok golok tajam untuk mendongkel daun nipah penutup rumah tetapi yang lebih mengerikan adalah saat mereka menggunakan kesunyian malam untuk membuat galian panjang dari luar rumah,takut
542,raja sangat bahagia ia mengadakan pesta dan mengundang kerajaan sahabat serta seluruh rakyatnya,senang
605,anteh senang menyaksikan bunga bunga yang bermekaran dan kupu kupu saling berebut bunga,senang
457,suatu hari tinggallah sebuah keluarga kambing yang terdiri dari induk kambing dan ketiga anaknya mereka tinggal di sebuah desa yang jauh dari keramaian keluarga tersebut sangat bahagia,senang
736,kemudian putri raja tersebut mulai menangis membayangkan kodok yang dingin tersebut tidur di tempat tidurnya yang bersih,sedih
967,kusmantoro dan kusmantari terkejut namun keterkejutan mereka disimpan rapat rapat mereka tak ingin penyamaran mereka terbuka,terkejut
368,rakyat kerjaaan daha dan kahuripan bersuka cita menyambut pernikahan agung itu,senang
143,gema tidak puas melanda batuampar entong gendut dan kawan kawannya marah sekali,marah
810,anak kecil itu kembali ke mekah dalam keadaan sedih dan ia tampak terpaku,sedih
854,rakyat sangat terkejut melihat penampilan raja meskipun mereka terkejut namun tidak ada dari mereka untuk berkata apa apa,terkejut
150,bukan main marahnya kera menyaksikan itik mengeruhkan air di tepian itu lagi,marah
812,namun hatinya yang besar dipenuhi dengan kesedihan yang lebih hebat dari kesedihan kakeknya ibrahim,sedih
638,setelah ibunya meninggal kini ayahnya pun meninggal karena sakit,sedih
741,jhi ge phu sangat sedih karena yakin tidak akan mampu memenuhi tantangan tersebut,sedih
595,dia ikut menyaksikan hidangan seni berupa musik dan tari tarian yang menyenangkan,senang
567,gadis selalu terpesona mendengarnya,senang
380,mereka membawa kerikil sekantung penuh ayo kita bersenang senang kata george,senang
762,gadis itu paling merasa sedih jika ia berada di tempat gelap,sedih
256,tidak aku takut turun kesana jawab aladin,takut
9,anjing gunung itu memperhatikan tingkah laku domba kecil itu dengan sangat marah,marah
990,ketika tirta datang dia amat kaget bertemu dengan bek kemayoran,terkejut
712,permaisuri tidak henti hentinya menangis melihat anaknya harus hidup seorang diri di luar sana,sedih
819,ayah jadi ayah masih hidup,terkejut
541,gembira karena merasakan muatannya telah berkurang sehingga beban yang dibawa menjadi lebih ringan sang keledai merasa sangat gembira ketika mereka melanjutkan perjalanan mereka,senang
901,tiba tiba sekelilingnya menjadi biru dan asap membumbung bersamaan itu muncul sosok sebesar raksasa,terkejut
174,jadi wanita tua bau dekil ini adalah ibu kamu malin,jijik
275,la adalah beelzebub iblis nomor dua setelah lucifer la datang iangsung dari neraka jahanam,takut
109,hatinya marah wajahnya merah padam,marah
923,ketika paga tengah sibuk menyiapkan lahan garapannya di hutan angker warga desa dikejutkan dengan adanya berita menghebohkan,terkejut
552,langit ditaburi bintang dan bulan yang bersinar indah senang sekali rasanya melihat keindahan malam dari ketinggian,senang
211,bawang putih sangat panik dan takut karena baju yang hanyut adalah baju kesayangan ibu tirinya,takut
282,tubuhnya langsung gemetar,takut
993,keesokan harinya purbasari sangat terkejut melihat jamban salaka itu,terkejut
728,ia menangis dan menjerit jerit tapi tak seorang pun mendengarnya,sedih
649,kambing itu tidak terlihat menyesal dengan perbuatannya malah dia mencoba melepaskan diri dari pasak itu dengan menarik narik pasak itu,sedih
706,putri aji bedarah putih sangat sedih mendapati kekuatan pendukungnya mampu diporakporandakan para prajurit cina,sedih
278,puang mosso sangat takut jika sang raja mengetahui bahwa anak laki lakinya masih hidup,takut
842,dia kaget ketika pintu kandang dibuka ternyata kambing besar itu melepaskan diri dari patok yang mengikatnya,terkejut
291,hei jangan ganggu aku wajahmu yang mengerikan membuatku takut seruku,takut
298,ia begitu ketakutan membayangkan kemarahan pangeran jika ia tahu mempelainya tak secantik yang ia bayangkan,takut
430,setibanya di desa kramuderu panglima wire menyambut mereka dengan hangat,senang
615,asni justru senang menghadapi pendekar wanita yang mengamuk,senang
616,mereka telah menjadi pasangan suami istri yang berbahagia dan tinggal di kemayoran sampai tua,senang
294,dia menutup pintu tersebut kembali dengan cepat dan tergesa gesa duduk kembali di kursinya dengan perasaan gelisah,takut
639,bawah putih sangat sedih,sedih
817,tiba tiba saja ribuan buah bakau berjatuhan menimpa pasukan pangeran empang kuala yang sedang beristirahat,terkejut
861,petani kaget melihat istrinya berada dalam lubang perangkap,terkejut
452,mereka berdua berdansa dengan rasa bahagia pangeran berkata kamu adalah wanita yang selama ini saya cari cinderella sangat bahagia dan lupa waktu,senang
926,para utusan dari mandar itu pun terkejut dan segera memberi hormat,terkejut
583,mereka sangat bangga akan kemampuan larinya,senang
579,dengan semangat yang menyala ia ingin segera menyampaikan berita gembira kepada ibunya bahwa ia telah membawa gadis cantik calon istrinya,senang
194,alibaba membawa tubuh kasim ke tukang sepatu untuk menjahitnya kembali seperti semula,jijik
199,seekor kodok yang menjulurkan kepala besarnya yang jelek keluar dari air,jijik
488,sang raja sangat sayang dengan dua anjing itu,senang
770,puteri kuning sangat sedih melihatnya karena taman adalah tempat kesayangan ayahnya,sedih
229,ulat bulu ketakutan dan menjawab aku hanya seekor ulat bulu kok hehehe,takut
339,sesungguhnya yang takut kepada allah di antara hamba hamba nya hanyalah orang orangyang berilmu ulama,takut
125,tetapi saya tidak mungkin hidup di daerah tanpa kodok seperti ini jawab sang bangau agak jengkel,marah
677,hati ibunya sangat terluka mendengar ucapan anaknya itu ia berusaha terus menyakinkan malin bahwa dirinya adalah ibunya,sedih
209,bang tolong aku pendekar katung ingin menikahiku bawa aku pergi bang nanti aku akan menceritakan yang sebenarnya kata suri panik,takut
60,dasar permaisuri pembawa bala kau malah memberiku seekor lokan itu bukan anakku pergi kau dari istana teriak raja penuh murka,marah
981,anteh terkejut ketika tiba tiba di hadapannya muncul pemuda yang tidak dikenalnya,terkejut
982,a apa kesalahanku kak kenapa kakak tiba tiba marah begitu tanya anteh kaget,terkejut
107,raja sangat marah dan tidak mau mengakui kekalahannya,marah
777,sambil menangis anak itu berlari pulang menemui ibunya di rumah,sedih
658,raja pun menahan rasa malunya ia pun segera kembali ke istana dengan perasaan sedih,sedih
22,seorang anak bernama juan bertengkar dengan adiknya raul mereka memperebutkan kue pemberian nenek,marah
939,tapi ketika ia mau keluar para penyamun sudah berada di luar mereka sama sama terkejut,terkejut
917,agak terkejut ia ketika mendapati seruas batang bambu itu adalah seruas batang bambu yang membuatnya tersandung di pantai tadi,terkejut
205,para tentara abrahah kembali dalam keadaan binasa di mana daging daging dari tubuh mereka berceceran di jalan,jijik
887,alangkah terkejutnya ia ketika melihat seekor buaya yang sangat besar sedang memandangi dirinya,terkejut
432,setelah menunggu beberapa lama tiba tiba pancingnya bergerak gerak asyik umpanku kena teriaknya kegirangan,senang
302,datuk hakim ketakutan dia meminta syarifah menyembunyikan dirinya,takut
179,aku sudah bosan memakan tikus tubuh mereka bau sehingga membuatku menjadi mual,jijik
279,kera hitam sangat takut tertangkap si raksasa dan menjadi santapan si raksasa,takut
316,anteh mundur dengan ketakutan,takut
764,kadang kadang gadis menangis sedih di bawah pohon itu ia merasa sendirian di dunia ini,sedih
417,sang anjing tersenyum bahagia karena dia telah menemukan makanan,senang
213,kapal dagang yang ditumpanginya itu diserang kapal bajak laut,takut
689,maafkan aku ayah di tengah perjalanan tadi tiba tiba perutku lapar dan memakan sebagian makanan untuk ayah jawab samosir merasa bersalah,sedih
240,namun babi sulung tetap bertahan di dalam rumah dengan ketakutan,takut
961,apa sahut bulan terkejut,terkejut
746,selanjutnya anak nelayan itu pulang dan menangis sedih kembali,sedih
239,petani mulai takut kehilangan istrinya,takut
682,putri serindu memeluk ibundanya ia kemudian berkata maafkan ananda lbunda karena telah membuat lbunda dan ayahanda sedih dan bingung,sedih
18,amat besar murka prabu kertamarta ketika mengetahui cerita yang sebenarnya,marah
748,raja dan permaisuri menangis sedih,sedih
264,karena kebingungan dan rasa takutnya yang kian menjadi jadi si perampok berusaha melepaskan patung landak ajaib itu dari tangannya,takut
85,tuhan pun murka kepada keduanya karena keserakahan mereka,marah
159,kemudian suaminya ikut campur dan umar pun tampak marah kepadanya,marah
498,raja ini memerintah sebuah kerajaan kecil yang damai,senang
709,setelah keduanya duduk di atas batu kuyung mereka pun mendendangkan lagu kesedihan,sedih
561,pangeran dan puteri rauna sangat bahagia,senang
25,maka seluruh rakyatnya akan mati ketakutan,marah
183,tetapi aku juga tidak dapat pergi dengan pakaian kotor dan bau seperti ini,jijik
766,aku akan kehilangan satu satunya teman yang kumiliki aku sedih sekali,sedih
168,enak saja pergi sana kata kakak tertua mengusir,jijik
945,tempat itu membuatku tertegun seluruh dinding dan lantai gua dilapisi emas,terkejut
115,perasaan kesal dan jengkel tertuju pada suaminya,marah
59,raja sangat kecewa dan marah kemudian ia memerintahkan para pengawa lnya untuk membuang permaisuri ke hutan,marah
537,saat padishah melihat wanita yang sangat cantik jelita itu dia langsung jatuh cinta dan bertujuan untuk menikahinya,senang
620,ia terpesona oleh keindahan pakaian yang dilengkapi perhiasan perhiasan yang indah,senang
821,tanpa sadar salah satu baju ibunya hanyut terbawa arus sungai,terkejut
629,si bungsu menangis tersedu sedu,sedih
879,lelaki muda itu tertegun melihat siapa yang datang,terkejut
398,monyet tertawa geli melihat kebodohan buaya jadi benar ada kamu di situ buaya,senang
221,timun mas amat takut kemudian ia membuka kembali bungkusan kedua,takut
288,para penyamun yang kejam tidak memberi ampun kepada kasim ia segera dibunuh,takut
608,dan aku jatuh cinta padanya aku ingin dialah yang jadi istriku,senang
356,tak terperikan kegembiraan dewi candra kirana ketika bertemu kembali dengan suami tercintanya,senang
528,dia bergegas masuk ke aula tempat jhi ge phu berada dan dengan ceria menebarkan senyum padanya,senang
816,tiba tiba putrinya yang cantik terseret ke dalam lumpur,terkejut
381,suatu hari di sebuah kerajaan hiduplah seorang raja yang sangat senang dengan memakai baju baru,senang
160,hei perempuan tua berpakaian lusuh siapakah engkau ini hingga berani beraninya engkau memelukku,jijik
369,dia sangat berbahagia karena candra kirana menganggap dia seperti ibu kandungnya sendiri,senang
187,dari kepala istrinya ia melihat asap yang muncul dan kemudian diikuti dengan keluarnya seekor lipan berwarna putih,jijik
603,rakyatnya pun hidup damai di bawah pimpinan raja yang bijaksana,senang
372,ratu pun sangat bahagia ketika ia menggendong bayinya,senang
958,para undangan terkejut mendengar kutukan sang penyihir jahat itu,terkejut
932,si bidadari bungsu terkejut mendengar sapaan jafar sidik,terkejut
915,terperanjatlah suami istri itu ketika mengetahui benda keras yang menyentuh sang suami tersebut ternyata sebuah patung landak yang terbuat dari emas,terkejut
293,wajah monster ini dan monster lainnya jauh lebih mengerikan dari monster yang membawaku ke sini,takut
686,o bia mokara mulai merengek karena lapar sambil menangis ia menarik tangan kakaknya ke dapur dan menunjuk telur ikan,sedih
482,putri kesupuk kera hitam dan segenap ka wanan kera bergembira mendapati si raksasa telah mati,senang
78,syandan tak terkirakan kemarahan kerbau putih ketika mendapati putri kesupuk melarikan diri,marah
410,wah sepertinya menarik ayo kita segera berangkat sahut kera bersemangat,senang
897,pada saat di buka melompatlah seorang anank laki laki yang sangat aneh bentuk tubuhnya janda itu sangat terkejut,terkejut
755,ia tak kuasa membayangkan kesedihan ayah dan bundanya,sedih
376,ratu hanya tersenyum bahagia dan memeluk bayinya dengan sangat erat,senang
983,anteh tegurnya anteh terkejut dilihatnya pangeran antakusuma berdiri di hadapannya,terkejut
907,melihat kedatang serigala yang datang secara tiba tiba membuat sang ayam sangat terkejut,terkejut
832,kleting abang kleting wungu dan kleting biru benar benar terperangah,terkejut
531,sang raja sangat senang dengan hal ini dan memerintahkan agar sejumlah besar uang diberikan kepada nelayan tersebut,senang
156,ia pun menjadi marah dan berpikir mencari jalan untuk mencelakakan purbasari,marah
178,namun ia terkejut saat membuka bungkusan tersebut isinya hanyalah sisa sisa makanan yang menjijikan,jijik
355,cinderella sangat gembira saat melihat gaun ibunya itu,senang
471,pak inda sangat gembira ketika metihat bubunya sangat banyak ikan yang terjebak di dalam bubunya,senang
201,hai perempuan jelek jangan naik ke kapal ini pergi dari sini usir seorang anak buah kapal si lancang,jijik
590,lelaki itu menjadi sangat terpesona karena wajah perempuan yang berdiri dihadapannya luar biasa cantiknya,senang
225,jika ia bisa menjatuhkan badak dan menghancurkan gajah aku pasti dengan mudah dibunuhnya pikir kelinci,takut
838,namun ayam jago cindelaras benar benar luar biasa semua bisa dikalahkan dalam beberapa gebrakan pertarungan saja,terkejut
772,sekembalinya dari kali tongtonge sangat kecewa karena nangka itu telah dimakan oleh sang gadis,sedih
204,darah segar mengalir dari kepala,jijik
628,kepada adiknya ia menceritakan bahwa kakak mereka telah tiada,sedih
415,dari jauh dia melihat sang angsa berenang dengan senangnya dan sang cayman menyerang nya sambil menyelam,senang
149,akan tetapi ketika dia melihat air di tepian menjadi keruh setiap itik itu selesai dia pun marah,marah
650,rubah itu sadar bahwa itu hanyalah bayangannya rubah itu menysesal atas apa yang dilakukannya tadi,sedih
634,pendekar katung mengalami kekalahan ayamnya mati,sedih
936,tak terkirakan terkejutnya si lelaki tua ketika mendapati tulap si raksasa telah berada di dekatnya,terkejut
70,singa hanya bisa meraung raung marah,marah
483,putri kesupuk kemudian dinikahkan dengan sang pangeran keduanya hidup rukun dan bahagia,senang
319,hampir setiap hari terjadi perampasan dan perampokan rakyat kecil ketakutan,takut
863,sebenarnya rusa terkejut mendengar jawaban kulomang tapi ia tertawa dalam hati,terkejut
931,jafar sidik terperanjat saat melihat tujuh bidadari terbang di atas lengkungan pelangi,terkejut
322,pada suatu hari istri pangeran sarif merasa takut sekali tinggal sendiri di rumah sebab saat itu dia sedang hamil muda,takut
604,raja dan ratu sangat menyayangi keduanya meski sebenarnya kedua gadis itu memiliki status sosial yang berbeda,senang
900,bapak tua dan istrinya kaget mendengar suara itu,terkejut
413,burung itu sangat senang mencari makanan di sungai yang jernih itu karena ikan ikan sangat berlimpah disana sang kuntul tidak pernah pergi ke sungai lain untuk mencari makanan karena makanan di sungai itu sangat melimpah,senang
750,betapa sedih hati ikot rinding mendengar cerita itu,sedih
28,dewa indra lalu menangkap dan melemparkan raja trishanku kembali ke bumi,marah
74,ia tidak segera memerintahkan para prajuritnya untuk kembali ke cina melainkan memerintahkan segenap kekuatan pendukungnya itu untuk menyerang kerajaan yang dipimpin putri aji bedarah putih,marah
351,dia pun dapat hidup berbahagia,senang
220,timun mas masih ragu sungguh ia sangat ketakutan,takut
626,mereka berpelukan sambil menangis,sedih
669,akhirnya nenek elonen pulang dengan sedih la menyesal telah memasak dan memakan burung milik elonen,sedih
811,beliau merasakan kesedihan yang dalam beliau sering menyendiri dan membuka matanya di hamparan pasir pasir,sedih
333,gajah gajah semakin berteriak dengan kencang dan tampak ketakutan,takut
704,kuda pergi dengan sedih,sedih
171,la tidak mau mengakui ayah dan ibunya yang renta dan miskin,jijik
789,dia pun menangis sepanjang jalan menumpahkan kekesalan dan kejengkelannya,sedih
69,tapi suatu hari keempat lembu bertengkar karena perbedaan pendapat,marah
486,sang raja sangat senang melihat anaknya dapat bertanggung jawab dan menghilangkan sikap manjanya,senang
685,si nenek sangat sedih air matanya berlinang dalam kesedihannya ia berdoa kepada tuhan,sedih
72,keluarga istri raja sangat geram mendapati tindakan warga kampung,marah
93,tapi nenek yang serakah malah memarahi kakek karena tidak memilih kotak yang besar,marah
873,namun ibu itik sangat terkejut dari beberapa anaknya ada yang berbeda,terkejut
855,mendengar anak tersebut raja sangat terkejut ia pun langsung melihat pada tubuhnya,terkejut
200,oh tidak jawabnya tidak ada raksasa hanya kodok jelek,jijik
181,haha dasar cinderella bodoh kau tinggal di rumah selama kami pergi bersihkan semua ruangan cuci piring dan baju dan kamu sangat jelek,jijik
40,kepiting benar benar geram mendengar cerita ayam ia tak rela sahabatnya diperlakukan seperti itu,marah
729,ketika ia melihat ayahnya berdiri tepat di bawahnya ia berusaha berteriak sekuat tenaga tapi ayahnya tak dapat mendengar suaranya dan ia mulai menangis air matanya menetes dan jatuh ke kepala ayahnya,sedih
563,seluruh penghuni hutan menyambutnya gembira,senang
98,dan tentu saja hal ini membuat ketujuh gadis ini semakin murka,marah
14,oleh karena itu dia sangat iri dengan keberuntungan adiknya,marah
675,ibu dempu merasakan hatinya pedih bukan kepalang la tidak menyangka anak kandungnya tidak mengakuinya sebagai ibu,sedih
379,di kolam hanya ada lumpur kita tidak bisa berenang di dalam lumpur kata frank lagi,senang
824,hanya dirinya saja yang selamat ketika para perompak itu meninggalkan kapal dagang itu seraya membawa seluruh isi kapal dagang yang mereka rampok,terkejut
538,dengan gembira mereka cepat cepat menyampaikan ke istana bahwa tempat tersebut telah di bangun,senang
857,saudagar kaget dengan kecerdikan anaknya,terkejut
84,keduanya merasa iri dengan anjing anjing yang dimiliki sang raja,marah
227,badak ketakutan mendengar jawaban itu,takut
331,para prajurit yang ketakutan segera berangkat ke hutan dan langsung bekerja keras membuka hutan,takut
41,tikus yang memarahinya itu semakin marah karena tikus yang sedang makan tidaklah menyaut atau mengungkapkan sepatah katapun dan bahkan dia mengiraukan dirinya,marah
885,raja melihatnya seketika itu ia terkejut melihat kedatangan permaisuri yang telah dibuangnya delapan belas tahun yang lalu dinda,terkejut
108,raja sangat marah dengan kekalahannya dengan geram dia memerintahkan para prajuritnya untuk membawa putri naga dengan paksa,marah
504,anak raja menjadi jatuh hati pada putri termuda dan beranggapan bahwa putri termuda sangat pantas menjadi istrinya,senang
652,putri penggiling gandum langsung menangis terseguk seguk di dalam gudang yang berisi tumpukkan jerami,sedih
154,mereka pura pura setuju walaupun didalam hati mereka marah dan mulai mencari akal bagaimana merebut tahta dari purbasari,marah
443,derai tawa dari sebuah rumah di daerah tobelo mewarnai pagi itu,senang
782,sebaliknya rakyat kecil para petani dan mereka yang menderita amat sedih,sedih
910,meski sangat terperanjat raja menuruti perintah tersebut,terkejut
851,saat kelinci pulang ke sarangnya ia kaget melihat jejak panjang mengarah ke sarangnya,terkejut
441,sebagai balas budiku aku bersedia menikah denganmu kata putri itu tentu saja toba sangat senang,senang
106,pemuda yang membawa gadis itu sangat marah dia mengeluarkan cambuk dan melecutkannya ke arah jhi ge phu,marah
749,irene sangat khawatir sampai lututnya tak mampu menyangga tubuhnya hingga ia jatuh terduduk,sedih
631,namun ia sangat terpukul karena dilihatnya ketujuh puterinya telah meninggal dunia karena kelaparan,sedih
309,saya tidak melarang mang jampang jawab abdih yang ketakutan juga,takut
896,mendengar perkataan peramal itu si janda sangat terkejut,terkejut
925,i manyambungi sangat terkejut saat mendengar jawaban itu,terkejut
418,mendengar rayuan sang anjing yang begitu membuat senang sang burung bangau sang burung bangau kini lupa akan rasa curiga dan ikan besar yang dipegang oleh mulutnya,senang
122,sejak saat itu obi kerbau marah sekali bila melihat kain merah,marah
678,hu huuuu huuu tangis malin kundang sambil memegangi lengannya yang berdarah,sedih
299,petir menyambar diiringi guntur yang menggelegar begitu putri mengucapkan doanya semua yang ada di situ menjerit ketakutan,takut
420,itik abu abu sangat senang kini ia bukan itik yang buruk rupa lagi ia adalah seekor angsa yang sangat cantik,senang
979,ia amat kaget karena bukan ular dandaung yang berbaring di sisinya melainkan seorang permuda tampan,terkejut
839,raden putra sangat terkejut melihat ayam jago kesayangannya terseok seok kabur dari medan pertarungan,terkejut
323,akan tetapi dia takut dikalahkan kera besar itu,takut
219,mbok sirni amat ketakutan ia tak mau melepaskan timun mas begitu saja untuk disantap raksasa itu,takut
465,orang yang dianggap sakti itu disambut gembira oleh rakyat jambi,senang
571,sultan alam gembira sekali mendengar berita dari elang raja,senang
892,raden budog terbangun dan terkejut karena di hadapan berdiri seorang gadis yang sangat cantik,terkejut
742,jhi ge phu dengan sedih melihat istri yang dicintainya dibawa pergi,sedih
426,insoraki senang sekali melihat perubahan wujud suaminya,senang
208,negeri tanjung mendapat ancaman penyerangan dari negeri tetangga,takut
874,melihat anaknya yang berbeda ibu itik terheran heran,terkejut
463,hahaa selamat tinggal serigala yang bodoh kata sang ayam yang senang karena berhasil meloloskan diri dari cengkraman serigala,senang
654,apakah namamu balthazar jawab ratu sedih,sedih
389,esoknya ia melaksanakan nasihat nenek tua saat berburu la pun mendapat hasil buruan yang banyak,senang
127,kalian ini sungguh keterlaluan mestinya ayah tak perlu membawakan apa apa untuk kalian bisanya hanya mengganggu saja kata puteri kuning dengan marah,marah
453,sesampainya ia di istana pangeran menyambutnya dengan gembira dan tersenyum cinderella dan pangeran akhirnya menikah dan hidup sangat bahagia selama lamanya,senang
121,obi kerbau mencari akal untuk membalas sakit hatinya pada ucil kancil,marah
913,amat terperanjat warga desa setelah mengetahui di dalam rumah peristirahatan yang dibangun raja itu terdapat sekumpulan ular,terkejut
71,gagak marah mendengar ejekan rubah la mengeluarkan suara keras kaak,marah
123,hingga saat ini kerbau akan marah bila melihat kain berwarna merah,marah
476,pada saat bersamaan seorang gadis bisu dan tuli tertawa terpingkal pingkal melihat tingkah jack,senang
767,mendengar kata kata suaminya itu sang istri pun menyesal,sedih
823,namun ternyata yang keluar dari labu tersebut bukanlahh intan permata seperti yang meraka bayangkan melainkan ratusan dan puluhan kelabang kalajengking dan ular berbisa,terkejut
141,sangkuriang menjadi gusar dipuncak kemarahannya bendungan yang berada di sanghyang tikoro dijebolnya,marah
717,air matanya bercucuran ketika melihat enam kakaknya terbang kembali ke kahyangan,sedih
695,si kakak menyesal tidak menuruti pelaut kini ia hanya bisa menggigit jari melihat adiknya naik perahu dengan pelaut,sedih
673,aku sedih karena aku jelek dan tidak bisa seperti kalian jawab itik abu sedih,sedih
153,kontan bang bodong marah marah,marah
617,berita itu diterima dengan gembira oleh kebanyakan isi istana,senang
614,selain itu mirah juga tertarik pada ilmu silat,senang
88,selama itu suaminya telah berbohong padanya kekecewaan yang dirasakannya berubah menjadi kemarahan,marah
719,semakin jauh tubuh ibu mereka semakin kerns tangisan empat anak itu,sedih
4,akhirnya karena merasa kesal setelah lima hari nenek menyuruh bawang merah pulang tanpa memberi hadiah labu,marah
548,karena gembira salampandai mengundang ikot rinding bermalam di rumahnya,senang
439,diadakanlah pesta pernikahan yang megah dan meriah yang dilangsungkan selama tujuh hari tujuh malam dan mereka hidup bahagia selamanya,senang
340,takut kepada allah swt tidak akan muncul kecuali berdasarkan ilmu,takut
451,sementara kakinya ada sepasang sepatu kaca yang sangat cantik cinderella menari nari dengan sangat gembira,senang
176,mananamakrdi bernasib sangat tidak beruntung tubuhnya penuh kudis dan berbau tak sedap,jijik
318,dia tidak bisa kembali ke bumi karena takut pangeran anantakusuma akan mengejarnya,takut
956,alangkah terkejutnya si kakek ketika kembali ternyata kini rumahnya telah berubah menjadi sebuah rumah yang megah,terkejut
814,rasulullah saw sangat sedih ketika kehilangan dua orang yang sangat berpengaruh dalam kehidupannya itu bahkan para sejarawan menamakan tahun tersebut dengan tahun kesedihan,sedih
289,wush dari dalam kotak itu keluar ribuan makhluk yang menyeramkan dan mengejar nenek yang langsung lari terbirit birit,takut
